BEGIN TRANSACTION;
CREATE TABLE IF NOT EXISTS "film" (
	"Title"	TEXT,
	"Date"	TEXT,
	"Runtime"	INT,
	"UserRating"	INT,
	"MetaScore"	INT,
	"Genre"	text,
	"ID"	TEXT,
	PRIMARY KEY("ID")
);
CREATE TABLE IF NOT EXISTS "production_company" (
	"Name"	TEXT,
	"City"	TEXT,
	"Country"	TEXT,
	"Film_ID"	TEXT,
	FOREIGN KEY("Film_ID") REFERENCES "film"("ID"),
	PRIMARY KEY("Name")
);
CREATE TABLE IF NOT EXISTS "awards" (
	"Award_Name"	TEXT,
	"Category"	TEXT,
	"Award_Date"	TEXT,
	"Film_ID"	TEXT,
	FOREIGN KEY("Film_ID") REFERENCES "film"("ID"),
	PRIMARY KEY("Award_Name","Category","Film_ID")
);
CREATE TABLE IF NOT EXISTS "actors" (
	"Actor_FName"	TEXT,
	"Actor_LName"	TEXT,
	"Acts_In"	TEXT,
	"Film_ID"	TEXT,
	FOREIGN KEY("Film_ID") REFERENCES "film"("ID"),
	PRIMARY KEY("Actor_FName","Actor_LName","Film_ID")
);
CREATE TABLE IF NOT EXISTS "directors" (
	"Director_FName"	TEXT,
	"Director_LName"	TEXT,
	"Directs"	TEXT,
	"Film_ID"	TEXT,
	FOREIGN KEY("Film_ID") REFERENCES "film"("ID"),
	PRIMARY KEY("Director_FName","Director_LName","Film_ID")
);
CREATE TABLE IF NOT EXISTS "employee" (
	"Emp_FName"	TEXT,
	"Emp_LName"	TEXT,
	"Sex"	TEXT,
	PRIMARY KEY("Emp_FName","Emp_LName")
);
CREATE TABLE IF NOT EXISTS "reviews" (
	"Journal"	TEXT,
	"Reviewer_FName"	TEXT,
	"Reviewer_LName"	TEXT,
	"Film_ID"	TEXT,
	FOREIGN KEY("Film_ID") REFERENCES "film"("ID"),
	PRIMARY KEY("Journal")
);
CREATE TABLE IF NOT EXISTS "writers" (
	"Writer_FName"	TEXT,
	"Writer_LName"	TEXT,
	"Writes_In"	TEXT,
	"Film_ID"	TEXT,
	FOREIGN KEY("Film_ID") REFERENCES "film"("ID"),
	PRIMARY KEY("Writer_FName","Writer_LName","Film_ID")
);
CREATE TABLE IF NOT EXISTS "queryFour" (
	"EmployeeF_Name"	TEXT,
	"EmployeeL_Name"	TEXT,
	"Works_On"	TEXT,
	"Film_ID"	TEXT
);
INSERT INTO "film" VALUES ('The Shawshank Redemption','1994',142,9.3,81,'Drama','tt0111161');
INSERT INTO "film" VALUES ('The Godfather','1972',175,9.2,100,'Crime, Drama','tt0068646');
INSERT INTO "film" VALUES ('The Dark Knight','2008',152,9,84,'Action, Crime, Drama','tt0468569');
INSERT INTO "film" VALUES ('The Lord of the Rings: The Return of the King','2003',201,9,94,'Action, Adventure, Drama','tt0167260');
INSERT INTO "film" VALUES ('Schindler''s List','1993',195,9,94,'Biography, Drama, History','tt0108052');
INSERT INTO "film" VALUES ('The Godfather Part II','1974',202,9,90,'Crime, Drama','tt0071562');
INSERT INTO "film" VALUES ('12 Angry Men','1957',96,9,96,'Crime, Drama','tt0050083');
INSERT INTO "film" VALUES ('777 Charlie','2022',164,8.9,'N/A','Adventure, Comedy, Drama','tt7466810');
INSERT INTO "film" VALUES ('Jai Bhim','2021',164,8.9,'N/A','Crime, Drama, Mystery','tt15097216');
INSERT INTO "film" VALUES ('Pulp Fiction','1994',154,8.9,94,'Crime, Drama','tt0110912');
INSERT INTO "film" VALUES ('Rocketry: The Nambi Effect','2022',157,8.8,'N/A','Biography, Drama','tt9263550');
INSERT INTO "film" VALUES ('Kantara','2022',148,8.8,'N/A','Action, Adventure, Drama','tt15327088');
INSERT INTO "film" VALUES ('Inception','2010',148,8.8,74,'Action, Adventure, Sci-Fi','tt1375666');
INSERT INTO "film" VALUES ('The Lord of the Rings: The Two Towers','2002',179,8.8,87,'Action, Adventure, Drama','tt0167261');
INSERT INTO "film" VALUES ('Fight Club','1999',139,8.8,66,'Drama','tt0137523');
INSERT INTO "film" VALUES ('The Lord of the Rings: The Fellowship of the Ring','2001',178,8.8,92,'Action, Adventure, Drama','tt0120737');
INSERT INTO "film" VALUES ('Forrest Gump','1994',142,8.8,82,'Drama, Romance','tt0109830');
INSERT INTO "film" VALUES ('The Good, the Bad and the Ugly','1966',178,8.8,90,'Adventure, Western','tt0060196');
INSERT INTO "film" VALUES ('Soorarai Pottru','2020',153,8.7,'N/A','Drama','tt10189514');
INSERT INTO "film" VALUES ('The Matrix','1999',136,8.7,73,'Action, Sci-Fi','tt0133093');
INSERT INTO "film" VALUES ('Goodfellas','1990',145,8.7,90,'Biography, Crime, Drama','tt0099685');
INSERT INTO "film" VALUES ('Star Wars: Episode V - The Empire Strikes Back','1980',124,8.7,82,'Action, Adventure, Fantasy','tt0080684');
INSERT INTO "film" VALUES ('One Flew Over the Cuckoo''s Nest','1975',133,8.7,84,'Drama','tt0073486');
INSERT INTO "film" VALUES ('Sita Ramam','2022',163,8.6,'N/A','Action, Drama, Mystery','tt20850406');
INSERT INTO "film" VALUES ('Interstellar','2014',169,8.6,74,'Adventure, Drama, Sci-Fi','tt0816692');
INSERT INTO "film" VALUES ('City of God','2002',130,8.6,79,'Crime, Drama','tt0317248');
INSERT INTO "film" VALUES ('Spirited Away','2001',125,8.6,96,'Animation, Adventure, Family','tt0245429');
INSERT INTO "film" VALUES ('Saving Private Ryan','1998',169,8.6,91,'Drama, War','tt0120815');
INSERT INTO "film" VALUES ('The Green Mile','1999',189,8.6,61,'Crime, Drama, Fantasy','tt0120689');
INSERT INTO "film" VALUES ('Life Is Beautiful','1997',116,8.6,59,'Comedy, Drama, Romance','tt0118799');
INSERT INTO "film" VALUES ('Se7en','1995',127,8.6,65,'Crime, Drama, Mystery','tt0114369');
INSERT INTO "film" VALUES ('Terminator 2: Judgment Day','1991',137,8.6,75,'Action, Sci-Fi','tt0103064');
INSERT INTO "film" VALUES ('The Silence of the Lambs','1991',118,8.6,85,'Crime, Drama, Thriller','tt0102926');
INSERT INTO "film" VALUES ('Star Wars','1977',121,8.6,90,'Action, Adventure, Fantasy','tt0076759');
INSERT INTO "film" VALUES ('Harakiri','1962',133,8.6,85,'Action, Drama, Mystery','tt0056058');
INSERT INTO "film" VALUES ('Seven Samurai','1954',207,8.6,98,'Action, Drama','tt0047478');
INSERT INTO "film" VALUES ('It''s a Wonderful Life','1946',130,8.6,89,'Drama, Family, Fantasy','tt0038650');
INSERT INTO "film" VALUES ('Kaithi','2019',145,8.5,'N/A','Action, Adventure, Crime','tt9900782');
INSERT INTO "film" VALUES ('96','2018',158,8.5,'N/A','Drama, Romance','tt7019842');
INSERT INTO "film" VALUES ('Parasite','2019',132,8.5,96,'Drama, Thriller','tt6751668');
INSERT INTO "film" VALUES ('Whiplash','2014',106,8.5,89,'Drama, Music','tt2582802');
INSERT INTO "film" VALUES ('The Intouchables','2011',112,8.5,57,'Biography, Comedy, Drama','tt1675434');
INSERT INTO "film" VALUES ('The Prestige','2006',130,8.5,66,'Drama, Mystery, Sci-Fi','tt0482571');
INSERT INTO "film" VALUES ('The Departed','2006',151,8.5,85,'Crime, Drama, Thriller','tt0407887');
INSERT INTO "film" VALUES ('The Pianist','2002',150,8.5,85,'Biography, Drama, Music','tt0253474');
INSERT INTO "film" VALUES ('Gladiator','2000',155,8.5,67,'Action, Adventure, Drama','tt0172495');
INSERT INTO "film" VALUES ('American History X','1998',119,8.5,62,'Crime, Drama','tt0120586');
INSERT INTO "film" VALUES ('The Usual Suspects','1995',106,8.5,77,'Crime, Drama, Mystery','tt0114814');
INSERT INTO "film" VALUES ('Léon: The Professional','1994',110,8.5,64,'Action, Crime, Drama','tt0110413');
INSERT INTO "film" VALUES ('The Lion King','1994',88,8.5,88,'Animation, Adventure, Drama','tt0110357');
INSERT INTO "film" VALUES ('Cinema Paradiso','1988',155,8.5,80,'Drama, Romance','tt0095765');
INSERT INTO "film" VALUES ('Grave of the Fireflies','1988',89,8.5,94,'Animation, Drama, War','tt0095327');
INSERT INTO "film" VALUES ('Back to the Future','1985',116,8.5,87,'Adventure, Comedy, Sci-Fi','tt0088763');
INSERT INTO "film" VALUES ('Apocalypse Now','1979',147,8.5,94,'Drama, Mystery, War','tt0078788');
INSERT INTO "film" VALUES ('Alien','1979',117,8.5,89,'Horror, Sci-Fi','tt0078748');
INSERT INTO "film" VALUES ('Once Upon a Time in the West','1968',165,8.5,80,'Western','tt0064116');
INSERT INTO "film" VALUES ('Psycho','1960',109,8.5,97,'Horror, Mystery, Thriller','tt0054215');
INSERT INTO "film" VALUES ('Rear Window','1954',112,8.5,100,'Mystery, Thriller','tt0047396');
INSERT INTO "film" VALUES ('Casablanca','1942',102,8.5,100,'Drama, Romance, War','tt0034583');
INSERT INTO "film" VALUES ('Modern Times','1936',87,8.5,96,'Comedy, Drama, Romance','tt0027977');
INSERT INTO "film" VALUES ('City Lights','1931',87,8.5,99,'Comedy, Drama, Romance','tt0021749');
INSERT INTO "film" VALUES ('Asuran','2019',141,8.4,'N/A','Action, Drama','tt9477520');
INSERT INTO "film" VALUES ('Vikram','2022',175,8.4,'N/A','Action, Crime, Thriller','tt9179430');
INSERT INTO "film" VALUES ('Hamilton','2020',160,8.4,89,'Biography, Drama, History','tt8503618');
INSERT INTO "film" VALUES ('Capernaum','2018',126,8.4,75,'Drama','tt8267604');
INSERT INTO "film" VALUES ('Joker','2019',122,8.4,59,'Crime, Drama, Thriller','tt7286456');
INSERT INTO "film" VALUES ('Your Name.','2016',106,8.4,79,'Animation, Drama, Fantasy','tt5311514');
INSERT INTO "film" VALUES ('Spider-Man: Into the Spider-Verse','2018',117,8.4,87,'Animation, Action, Adventure','tt4633694');
INSERT INTO "film" VALUES ('Avengers: Endgame','2019',181,8.4,78,'Action, Adventure, Drama','tt4154796');
INSERT INTO "film" VALUES ('Avengers: Infinity War','2018',149,8.4,68,'Action, Adventure, Sci-Fi','tt4154756');
INSERT INTO "film" VALUES ('Coco','2017',105,8.4,81,'Animation, Adventure, Comedy','tt2380307');
INSERT INTO "film" VALUES ('Django Unchained','2012',165,8.4,81,'Drama, Western','tt1853728');
INSERT INTO "film" VALUES ('Top Gun: Maverick','2022',130,8.4,78,'Action, Drama','tt1745960');
INSERT INTO "film" VALUES ('The Dark Knight Rises','2012',164,8.4,78,'Action, Drama','tt1345836');
INSERT INTO "film" VALUES ('Drishyam 2','2021',152,8.4,'N/A','Crime, Drama, Thriller','tt12361178');
INSERT INTO "film" VALUES ('3 Idiots','2009',170,8.4,67,'Comedy, Drama','tt1187043');
INSERT INTO "film" VALUES ('K.G.F: Chapter 2','2022',168,8.4,'N/A','Action, Crime, Drama','tt10698680');
INSERT INTO "film" VALUES ('Shershaah','2021',135,8.4,'N/A','Action, Biography, Drama','tt10295212');
INSERT INTO "film" VALUES ('Sardar Udham','2021',164,8.4,'N/A','Biography, Crime, Drama','tt10280296');
INSERT INTO "film" VALUES ('Like Stars on Earth','2007',165,8.4,'N/A','Drama, Family','tt0986264');
INSERT INTO "film" VALUES ('WALL·E','2008',98,8.4,95,'Animation, Adventure, Family','tt0910970');
INSERT INTO "film" VALUES ('The Lives of Others','2006',137,8.4,89,'Drama, Mystery, Thriller','tt0405094');
INSERT INTO "film" VALUES ('Oldboy','2003',120,8.4,77,'Action, Drama, Mystery','tt0364569');
INSERT INTO "film" VALUES ('Memento','2000',113,8.4,80,'Mystery, Thriller','tt0209144');
INSERT INTO "film" VALUES ('American Beauty','1999',122,8.4,84,'Drama','tt0169547');
INSERT INTO "film" VALUES ('Princess Mononoke','1997',134,8.4,76,'Animation, Action, Adventure','tt0119698');
INSERT INTO "film" VALUES ('Braveheart','1995',178,8.4,68,'Biography, Drama, History','tt0112573');
INSERT INTO "film" VALUES ('Come and See','1985',142,8.4,'N/A','Drama, Thriller, War','tt0091251');
INSERT INTO "film" VALUES ('Aliens','1986',137,8.4,84,'Action, Adventure, Sci-Fi','tt0090605');
INSERT INTO "film" VALUES ('Amadeus','1984',160,8.4,88,'Biography, Drama, Music','tt0086879');
INSERT INTO "production_company" VALUES ('Castle Rock Entertainment','Beverly Hills','USA','tt0111161');
INSERT INTO "production_company" VALUES ('Paramount Pictures','Hollywood','USA','tt1745960');
INSERT INTO "production_company" VALUES ('Orion-Nova Productions','Los Angeles','USA','tt0050083');
INSERT INTO "production_company" VALUES ('Universal Pictures','Universal City','USA','tt0088763');
INSERT INTO "production_company" VALUES ('Miramax','Los Angeles','USA','tt0110912');
INSERT INTO "awards" VALUES ('Oscar','Best Picture','1995','tt0111161');
INSERT INTO "awards" VALUES ('Oscar','Best Director','2004','tt0167260');
INSERT INTO "awards" VALUES ('BAFTA','Best Foreign Actor','1957','tt0050083');
INSERT INTO "awards" VALUES ('BAFTA','Best Sound','2011','tt1375666');
INSERT INTO "awards" VALUES ('Oscar','Best Actor in a Leading Role','1995','tt0109830');
INSERT INTO "awards" VALUES ('Oscar','Best Film Editing','2000','tt0133093');
INSERT INTO "awards" VALUES ('BAFTA','Best Original Music','2015','tt0816692');
INSERT INTO "actors" VALUES ('Tim','Robbins','The Shawshank Redemption','tt0111161');
INSERT INTO "actors" VALUES ('Marlon','Brando','The Godfather','tt0068646');
INSERT INTO "actors" VALUES ('Christian','Bale','The Dark Knight','tt0468569');
INSERT INTO "actors" VALUES ('Elijah','Wood','The Lord of the Rings: The Return of the King','tt0167260');
INSERT INTO "actors" VALUES ('Liam','Neeson','Schindler''s List','tt0108052');
INSERT INTO "actors" VALUES ('Al','Pacino','The Godfather Part II','tt0071562');
INSERT INTO "actors" VALUES ('Henry','Fonda','12 Angry Men','tt0050083');
INSERT INTO "actors" VALUES ('Rakshit','Shetty','777 Charlie','tt7466810');
INSERT INTO "actors" VALUES ('Suriya','','Jai Bhim','tt15097216');
INSERT INTO "actors" VALUES ('John','Travolta','Pulp Fiction','tt0110912');
INSERT INTO "actors" VALUES ('Madhavan',NULL,'Rocketry: The Nambi Effect','tt9263550');
INSERT INTO "actors" VALUES ('Rishab','Shetty','Kantara','tt15327088');
INSERT INTO "actors" VALUES ('Leonardo','DiCaprio','Inception','tt1375666');
INSERT INTO "actors" VALUES ('Elijah','Wood','The Lord of the Rings: The Two Towers','tt0167261');
INSERT INTO "actors" VALUES ('Brad','Pitt','Fight Club','tt0137523');
INSERT INTO "actors" VALUES ('Elijah','Wood','The Lord of the Rings: The Fellowship of the Ring','tt0120737');
INSERT INTO "actors" VALUES ('Tom','Hanks','Forrest Gump','tt0109830');
INSERT INTO "actors" VALUES ('Clint','Eastwood','The Good, the Bad and the Ugly','tt0060196');
INSERT INTO "actors" VALUES ('Suriya',NULL,'Soorarai Pottru','tt10189514');
INSERT INTO "actors" VALUES ('Keanu','Reeves','The Matrix','tt0133093');
INSERT INTO "actors" VALUES ('Robert','De Niro','Goodfellas','tt0099685');
INSERT INTO "actors" VALUES ('Mark','Hamill','Star Wars: Episode V - The Empire Strikes Back','tt0080684');
INSERT INTO "actors" VALUES ('Jack','Nicholson','One Flew Over the Cuckoo''s Nest','tt0073486');
INSERT INTO "actors" VALUES ('Dulquer','Salmaan','Sita Ramam','tt20850406');
INSERT INTO "actors" VALUES ('Matthew','McConaughey','Interstellar','tt0816692');
INSERT INTO "actors" VALUES ('Alexandre','Rodrigues','City of God','tt0317248');
INSERT INTO "actors" VALUES ('Daveigh','Chase','Spirited Away','tt0245429');
INSERT INTO "actors" VALUES ('Tom','Hanks','Saving Private Ryan','tt0120815');
INSERT INTO "actors" VALUES ('Tom','Hanks','The Green Mile','tt0120689');
INSERT INTO "actors" VALUES ('Roberto','Benigni','Life Is Beautiful','tt0118799');
INSERT INTO "actors" VALUES ('Morgan','Freeman','Se7en','tt0114369');
INSERT INTO "actors" VALUES ('Arnold','Schwarzenegger','Terminator 2: Judgment Day','tt0103064');
INSERT INTO "actors" VALUES ('Jodie','Foster','The Silence of the Lambs','tt0102926');
INSERT INTO "actors" VALUES ('Mark','Hamill','Star Wars','tt0076759');
INSERT INTO "actors" VALUES ('Tatsuya','Nakadai','Harakiri','tt0056058');
INSERT INTO "actors" VALUES ('Toshirô','Mifune','Seven Samurai','tt0047478');
INSERT INTO "actors" VALUES ('James','Stewart','It''s a Wonderful Life','tt0038650');
INSERT INTO "actors" VALUES ('Karthi',NULL,'Kaithi','tt9900782');
INSERT INTO "actors" VALUES ('Vijay','Sethupathi','96','tt7019842');
INSERT INTO "actors" VALUES ('Song','Kang-ho','Parasite','tt6751668');
INSERT INTO "actors" VALUES ('Miles','Teller','Whiplash','tt2582802');
INSERT INTO "actors" VALUES ('François','Cluzet','The Intouchables','tt1675434');
INSERT INTO "actors" VALUES ('Christian','Bale','The Prestige','tt0482571');
INSERT INTO "actors" VALUES ('Leonardo','DiCaprio','The Departed','tt0407887');
INSERT INTO "actors" VALUES ('Adrien','Brody','The Pianist','tt0253474');
INSERT INTO "actors" VALUES ('Russell','Crowe','Gladiator','tt0172495');
INSERT INTO "actors" VALUES ('Edward','Norton','American History X','tt0120586');
INSERT INTO "actors" VALUES ('Kevin','Spacey','The Usual Suspects','tt0114814');
INSERT INTO "actors" VALUES ('Jean','Reno','Léon: The Professional','tt0110413');
INSERT INTO "actors" VALUES ('Matthew','Broderick','The Lion King','tt0110357');
INSERT INTO "actors" VALUES ('Philippe','Noiret','Cinema Paradiso','tt0095765');
INSERT INTO "actors" VALUES ('Tsutomu','Tatsumi','Grave of the Fireflies','tt0095327');
INSERT INTO "actors" VALUES ('Michael','J. Fox','Back to the Future','tt0088763');
INSERT INTO "actors" VALUES ('Martin','Sheen','Apocalypse Now','tt0078788');
INSERT INTO "actors" VALUES ('Sigourney','Weaver','Alien','tt0078748');
INSERT INTO "actors" VALUES ('Henry','Fonda','Once Upon a Time in the West','tt0064116');
INSERT INTO "actors" VALUES ('Anthony','Perkins','Psycho','tt0054215');
INSERT INTO "actors" VALUES ('James','Stewart','Rear Window','tt0047396');
INSERT INTO "actors" VALUES ('Humphrey','Bogart','Casablanca','tt0034583');
INSERT INTO "actors" VALUES ('Charles','Chaplin','Modern Times','tt0027977');
INSERT INTO "actors" VALUES ('Charles','Chaplin','City Lights','tt0021749');
INSERT INTO "actors" VALUES ('Dhanush',NULL,'Asuran','tt9477520');
INSERT INTO "actors" VALUES ('Kamal','Haasan','Vikram','tt9179430');
INSERT INTO "actors" VALUES ('Lin-Manuel','Miranda','Hamilton','tt8503618');
INSERT INTO "actors" VALUES ('Zain','Al Rafeea','Capernaum','tt8267604');
INSERT INTO "actors" VALUES ('Joaquin','Phoenix','Joker','tt7286456');
INSERT INTO "actors" VALUES ('Ryûnosuke','Kamiki','Your Name.','tt5311514');
INSERT INTO "actors" VALUES ('Rodney','Rothman','Spider-Man: Into the Spider-Verse','tt4633694');
INSERT INTO "actors" VALUES ('Robert','Downey Jr.','Avengers: Endgame','tt4154796');
INSERT INTO "actors" VALUES ('Robert','Downey Jr.','Avengers: Infinity War','tt4154756');
INSERT INTO "actors" VALUES ('Anthony','Gonzalez','Coco','tt2380307');
INSERT INTO "actors" VALUES ('Jamie','Foxx','Django Unchained','tt1853728');
INSERT INTO "actors" VALUES ('Tom','Cruise','Top Gun: Maverick','tt1745960');
INSERT INTO "actors" VALUES ('Christian','Bale','The Dark Knight Rises','tt1345836');
INSERT INTO "actors" VALUES ('Mohanlal',NULL,'Drishyam 2','tt12361178');
INSERT INTO "actors" VALUES ('Aamir','Khan','3 Idiots','tt1187043');
INSERT INTO "actors" VALUES ('Yash',NULL,'K.G.F: Chapter 2','tt10698680');
INSERT INTO "actors" VALUES ('Sidharth','Malhotra','Shershaah','tt10295212');
INSERT INTO "actors" VALUES ('Vicky','Kaushal','Sardar Udham','tt10280296');
INSERT INTO "actors" VALUES ('Darsheel','Safary','Like Stars on Earth','tt0986264');
INSERT INTO "actors" VALUES ('Ben','Burtt','WALL·E','tt0910970');
INSERT INTO "actors" VALUES ('Ulrich','Mühe','The Lives of Others','tt0405094');
INSERT INTO "actors" VALUES ('Choi','Min-sik','Oldboy','tt0364569');
INSERT INTO "actors" VALUES ('Guy','Pearce','Memento','tt0209144');
INSERT INTO "actors" VALUES ('Kevin','Spacey','American Beauty','tt0169547');
INSERT INTO "actors" VALUES ('Yôji','Matsuda','Princess Mononoke','tt0119698');
INSERT INTO "actors" VALUES ('Mel','Gibson','Braveheart','tt0112573');
INSERT INTO "actors" VALUES ('Aleksey','Kravchenko','Come and See','tt0091251');
INSERT INTO "actors" VALUES ('Sigourney','Weaver','Aliens','tt0090605');
INSERT INTO "actors" VALUES ('F.','Murray Abraham','Amadeus','tt0086879');
INSERT INTO "directors" VALUES ('Frank','Darabont','The Shawshank Redemption','tt0111161');
INSERT INTO "directors" VALUES ('Francis','Ford Coppola','The Godfather','tt0068646');
INSERT INTO "directors" VALUES ('Christopher','Nolan','The Dark Knight','tt0468569');
INSERT INTO "directors" VALUES ('Peter','Jackson','The Lord of the Rings: The Return of the King','tt0167260');
INSERT INTO "directors" VALUES ('Steven','Spielberg','Schindler''s List','tt0108052');
INSERT INTO "directors" VALUES ('Francis','Ford Coppola','The Godfather Part II','tt0071562');
INSERT INTO "directors" VALUES ('Sidney','Lumet','12 Angry Men','tt0050083');
INSERT INTO "directors" VALUES ('Kiranraj','K','777 Charlie','tt7466810');
INSERT INTO "directors" VALUES ('T.J.','Gnanavel','Jai Bhim','tt15097216');
INSERT INTO "directors" VALUES ('Quentin','Tarantino','Pulp Fiction','tt0110912');
INSERT INTO "directors" VALUES ('Madhavan',NULL,'Rocketry: The Nambi Effect','tt9263550');
INSERT INTO "directors" VALUES ('Rishab','Shetty','Kantara','tt15327088');
INSERT INTO "directors" VALUES ('Christopher','Nolan','Inception','tt1375666');
INSERT INTO "directors" VALUES ('Peter','Jackson','The Lord of the Rings: The Two Towers','tt0167261');
INSERT INTO "directors" VALUES ('David','Fincher','Fight Club','tt0137523');
INSERT INTO "directors" VALUES ('Peter','Jackson','The Lord of the Rings: The Fellowship of the Ring','tt0120737');
INSERT INTO "directors" VALUES ('Robert','Zemeckis','Forrest Gump','tt0109830');
INSERT INTO "directors" VALUES ('Sergio','Leone','The Good, the Bad and the Ugly','tt0060196');
INSERT INTO "directors" VALUES ('Sudha','Kongara','Soorarai Pottru','tt10189514');
INSERT INTO "directors" VALUES ('Lana','Wachowski','The Matrix','tt0133093');
INSERT INTO "directors" VALUES ('Martin','Scorsese','Goodfellas','tt0099685');
INSERT INTO "directors" VALUES ('Irvin','Kershner','Star Wars: Episode V - The Empire Strikes Back','tt0080684');
INSERT INTO "directors" VALUES ('Milos','Forman','One Flew Over the Cuckoo''s Nest','tt0073486');
INSERT INTO "directors" VALUES ('Hanu','Raghavapudi','Sita Ramam','tt20850406');
INSERT INTO "directors" VALUES ('Christopher','Nolan','Interstellar','tt0816692');
INSERT INTO "directors" VALUES ('Fernando','Meirelles','City of God','tt0317248');
INSERT INTO "directors" VALUES ('Hayao','Miyazaki','Spirited Away','tt0245429');
INSERT INTO "directors" VALUES ('Steven','Spielberg','Saving Private Ryan','tt0120815');
INSERT INTO "directors" VALUES ('Frank','Darabont','The Green Mile','tt0120689');
INSERT INTO "directors" VALUES ('Roberto','Benigni','Life Is Beautiful','tt0118799');
INSERT INTO "directors" VALUES ('David','Fincher','Se7en','tt0114369');
INSERT INTO "directors" VALUES ('James','Cameron','Terminator 2: Judgment Day','tt0103064');
INSERT INTO "directors" VALUES ('Jonathan','Demme','The Silence of the Lambs','tt0102926');
INSERT INTO "directors" VALUES ('George','Lucas','Star Wars','tt0076759');
INSERT INTO "directors" VALUES ('Masaki','Kobayashi','Harakiri','tt0056058');
INSERT INTO "directors" VALUES ('Akira','Kurosawa','Seven Samurai','tt0047478');
INSERT INTO "directors" VALUES ('Frank','Capra','It''s a Wonderful Life','tt0038650');
INSERT INTO "directors" VALUES ('Lokesh','Kanagaraj','Kaithi','tt9900782');
INSERT INTO "directors" VALUES ('C.','Prem Kumar','96','tt7019842');
INSERT INTO "directors" VALUES ('Bong','Joon Ho','Parasite','tt6751668');
INSERT INTO "directors" VALUES ('Damien','Chazelle','Whiplash','tt2582802');
INSERT INTO "directors" VALUES ('Olivier','Nakache','The Intouchables','tt1675434');
INSERT INTO "directors" VALUES ('Christopher','Nolan','The Prestige','tt0482571');
INSERT INTO "directors" VALUES ('Martin','Scorsese','The Departed','tt0407887');
INSERT INTO "directors" VALUES ('Roman','Polanski','The Pianist','tt0253474');
INSERT INTO "directors" VALUES ('Ridley','Scott','Gladiator','tt0172495');
INSERT INTO "directors" VALUES ('Tony','Kaye','American History X','tt0120586');
INSERT INTO "directors" VALUES ('Bryan','Singer','The Usual Suspects','tt0114814');
INSERT INTO "directors" VALUES ('Luc','Besson','Léon: The Professional','tt0110413');
INSERT INTO "directors" VALUES ('Roger','Allers','The Lion King','tt0110357');
INSERT INTO "directors" VALUES ('Giuseppe','Tornatore','Cinema Paradiso','tt0095765');
INSERT INTO "directors" VALUES ('Isao','Takahata','Grave of the Fireflies','tt0095327');
INSERT INTO "directors" VALUES ('Robert','Zemeckis','Back to the Future','tt0088763');
INSERT INTO "directors" VALUES ('Francis','Ford Coppola','Apocalypse Now','tt0078788');
INSERT INTO "directors" VALUES ('Ridley','Scott','Alien','tt0078748');
INSERT INTO "directors" VALUES ('Sergio','Leone','Once Upon a Time in the West','tt0064116');
INSERT INTO "directors" VALUES ('Alfred','Hitchcock','Psycho','tt0054215');
INSERT INTO "directors" VALUES ('Alfred','Hitchcock','Rear Window','tt0047396');
INSERT INTO "directors" VALUES ('Michael','Curtiz','Casablanca','tt0034583');
INSERT INTO "directors" VALUES ('Charles','Chaplin','Modern Times','tt0027977');
INSERT INTO "directors" VALUES ('Charles','Chaplin','City Lights','tt0021749');
INSERT INTO "directors" VALUES ('Vetrimaaran',NULL,'Asuran','tt9477520');
INSERT INTO "directors" VALUES ('Lokesh','Kanagaraj','Vikram','tt9179430');
INSERT INTO "directors" VALUES ('Thomas','Kail','Hamilton','tt8503618');
INSERT INTO "directors" VALUES ('Nadine','Labaki','Capernaum','tt8267604');
INSERT INTO "directors" VALUES ('Todd','Phillips','Joker','tt7286456');
INSERT INTO "directors" VALUES ('Makoto','Shinkai','Your Name.','tt5311514');
INSERT INTO "directors" VALUES ('Bob','Persichetti','Spider-Man: Into the Spider-Verse','tt4633694');
INSERT INTO "directors" VALUES ('Anthony','Russo','Avengers: Endgame','tt4154796');
INSERT INTO "directors" VALUES ('Anthony','Russo','Avengers: Infinity War','tt4154756');
INSERT INTO "directors" VALUES ('Lee','Unkrich','Coco','tt2380307');
INSERT INTO "directors" VALUES ('Quentin','Tarantino','Django Unchained','tt1853728');
INSERT INTO "directors" VALUES ('Joseph','Kosinski','Top Gun: Maverick','tt1745960');
INSERT INTO "directors" VALUES ('Christopher','Nolan','The Dark Knight Rises','tt1345836');
INSERT INTO "directors" VALUES ('Jeethu','Joseph','Drishyam 2','tt12361178');
INSERT INTO "directors" VALUES ('Rajkumar','Hirani','3 Idiots','tt1187043');
INSERT INTO "directors" VALUES ('Prashanth','Neel','K.G.F: Chapter 2','tt10698680');
INSERT INTO "directors" VALUES ('Vishnuvardhan',NULL,'Shershaah','tt10295212');
INSERT INTO "directors" VALUES ('Shoojit','Sircar','Sardar Udham','tt10280296');
INSERT INTO "directors" VALUES ('Aamir','Khan','Like Stars on Earth','tt0986264');
INSERT INTO "directors" VALUES ('Andrew','Stanton','WALL·E','tt0910970');
INSERT INTO "directors" VALUES ('Florian','Henckel von Donnersmarck','The Lives of Others','tt0405094');
INSERT INTO "directors" VALUES ('Park','Chan-wook','Oldboy','tt0364569');
INSERT INTO "directors" VALUES ('Christopher','Nolan','Memento','tt0209144');
INSERT INTO "directors" VALUES ('Sam','Mendes','American Beauty','tt0169547');
INSERT INTO "directors" VALUES ('Hayao','Miyazaki','Princess Mononoke','tt0119698');
INSERT INTO "directors" VALUES ('Mel','Gibson','Braveheart','tt0112573');
INSERT INTO "directors" VALUES ('Elem','Klimov','Come and See','tt0091251');
INSERT INTO "directors" VALUES ('James','Cameron','Aliens','tt0090605');
INSERT INTO "directors" VALUES ('Milos','Forman','Amadeus','tt0086879');
INSERT INTO "employee" VALUES ('Tim','Robbins','M');
INSERT INTO "employee" VALUES ('Marlon','Brando','M');
INSERT INTO "employee" VALUES ('Liam','Neeson','M');
INSERT INTO "employee" VALUES ('Al','Pacino','M');
INSERT INTO "employee" VALUES ('Rakshit','Shetty','M');
INSERT INTO "employee" VALUES ('John','Travolta','M');
INSERT INTO "employee" VALUES ('Madhavan',NULL,'M');
INSERT INTO "employee" VALUES ('Brad','Pitt','M');
INSERT INTO "employee" VALUES ('Elijah','Wood','M');
INSERT INTO "employee" VALUES ('Tom','Hanks','M');
INSERT INTO "employee" VALUES ('Clint','Eastwood','M');
INSERT INTO "employee" VALUES ('Suriya',NULL,'M');
INSERT INTO "employee" VALUES ('Keanu','Reeves','M');
INSERT INTO "employee" VALUES ('Robert','De Niro','M');
INSERT INTO "employee" VALUES ('Jack','Nicholson','M');
INSERT INTO "employee" VALUES ('Dulquer','Salmaan','M');
INSERT INTO "employee" VALUES ('Matthew','McConaughey','M');
INSERT INTO "employee" VALUES ('Alexandre','Rodrigues','M');
INSERT INTO "employee" VALUES ('Daveigh','Chase','M');
INSERT INTO "employee" VALUES ('Morgan','Freeman','M');
INSERT INTO "employee" VALUES ('Arnold','Schwarzenegger','M');
INSERT INTO "employee" VALUES ('Jodie','Foster','F');
INSERT INTO "employee" VALUES ('Mark','Hamill','M');
INSERT INTO "employee" VALUES ('Tatsuya','Nakadai','M');
INSERT INTO "employee" VALUES ('Toshirô','Mifune','M');
INSERT INTO "employee" VALUES ('Karthi',NULL,'M');
INSERT INTO "employee" VALUES ('Vijay','Sethupathi','M');
INSERT INTO "employee" VALUES ('Song','Kang-ho','M');
INSERT INTO "employee" VALUES ('Miles','Teller','M');
INSERT INTO "employee" VALUES ('François','Cluzet','M');
INSERT INTO "employee" VALUES ('Leonardo','DiCaprio','M');
INSERT INTO "employee" VALUES ('Adrien','Brody','M');
INSERT INTO "employee" VALUES ('Russell','Crowe','M');
INSERT INTO "employee" VALUES ('Edward','Norton','M');
INSERT INTO "employee" VALUES ('Kevin','Spacey','M');
INSERT INTO "employee" VALUES ('Jean','Reno','M');
INSERT INTO "employee" VALUES ('Matthew','Broderick','M');
INSERT INTO "employee" VALUES ('Philippe','Noiret','M');
INSERT INTO "employee" VALUES ('Michael','J. Fox','M');
INSERT INTO "employee" VALUES ('Martin','Sheen','M');
INSERT INTO "employee" VALUES ('Henry','Fonda','M');
INSERT INTO "employee" VALUES ('Anthony','Perkins','M');
INSERT INTO "employee" VALUES ('James','Stewart','M');
INSERT INTO "employee" VALUES ('Humphrey','Bogart','M');
INSERT INTO "employee" VALUES ('Dhanush',NULL,'M');
INSERT INTO "employee" VALUES ('Kamal','Haasan','M');
INSERT INTO "employee" VALUES ('Lin-Manuel','Miranda','M');
INSERT INTO "employee" VALUES ('Zain','Al Rafeea','M');
INSERT INTO "employee" VALUES ('Joaquin','Phoenix','M');
INSERT INTO "employee" VALUES ('Ryûnosuke','Kamiki','F');
INSERT INTO "employee" VALUES ('Rodney','Rothman','M');
INSERT INTO "employee" VALUES ('Robert','Downey Jr.','M');
INSERT INTO "employee" VALUES ('Anthony','Gonzalez','M');
INSERT INTO "employee" VALUES ('Jamie','Foxx','M');
INSERT INTO "employee" VALUES ('Tom','Cruise','M');
INSERT INTO "employee" VALUES ('Christian','Bale','M');
INSERT INTO "employee" VALUES ('Mohanlal',NULL,'M');
INSERT INTO "employee" VALUES ('Yash',NULL,'M');
INSERT INTO "employee" VALUES ('Sidharth','Malhotra','M');
INSERT INTO "employee" VALUES ('Vicky','Kaushal','M');
INSERT INTO "employee" VALUES ('Darsheel','Safary','M');
INSERT INTO "employee" VALUES ('Ben','Burtt','M');
INSERT INTO "employee" VALUES ('Ulrich','Mühe','M');
INSERT INTO "employee" VALUES ('Choi','Min-sik','M');
INSERT INTO "employee" VALUES ('Guy','Pearce','M');
INSERT INTO "employee" VALUES ('Yôji','Matsuda','M');
INSERT INTO "employee" VALUES ('Aleksey','Kravchenko','M');
INSERT INTO "employee" VALUES ('Sigourney','Weaver','F');
INSERT INTO "employee" VALUES ('F.','Murray Abraham','M');
INSERT INTO "employee" VALUES ('Sidney','Lumet','F');
INSERT INTO "employee" VALUES ('Kiranraj','K','M');
INSERT INTO "employee" VALUES ('T.J.','Gnanavel','M');
INSERT INTO "employee" VALUES ('Madhavan',NULL,'M');
INSERT INTO "employee" VALUES ('Rishab','Shetty','M');
INSERT INTO "employee" VALUES ('David','Fincher','M');
INSERT INTO "employee" VALUES ('Peter','Jackson','M');
INSERT INTO "employee" VALUES ('Sudha','Kongara','M');
INSERT INTO "employee" VALUES ('Lana','Wachowski','F');
INSERT INTO "employee" VALUES ('Irvin','Kershner','M');
INSERT INTO "employee" VALUES ('Hanu','Raghavapudi','M');
INSERT INTO "employee" VALUES ('Fernando','Meirelles','M');
INSERT INTO "employee" VALUES ('Steven','Spielberg','M');
INSERT INTO "employee" VALUES ('Frank','Darabont','M');
INSERT INTO "employee" VALUES ('Roberto','Benigni','M');
INSERT INTO "employee" VALUES ('Jonathan','Demme','M');
INSERT INTO "employee" VALUES ('Masaki','Kobayashi','M');
INSERT INTO "employee" VALUES ('Frank','Capra','M');
INSERT INTO "employee" VALUES ('C.','Prem Kumar','M');
INSERT INTO "employee" VALUES ('Martin','Scorsese','M');
INSERT INTO "employee" VALUES ('Roman','Polanski','M');
INSERT INTO "employee" VALUES ('Tony','Kaye','M');
INSERT INTO "employee" VALUES ('Bryan','Singer','M');
INSERT INTO "employee" VALUES ('Roger','Allers','M');
INSERT INTO "employee" VALUES ('Isao','Takahata','M');
INSERT INTO "employee" VALUES ('Francis','Ford Coppola','M');
INSERT INTO "employee" VALUES ('Ridley','Scott','M');
INSERT INTO "employee" VALUES ('Sergio','Leone','M');
INSERT INTO "employee" VALUES ('Alfred','Hitchcock','M');
INSERT INTO "employee" VALUES ('Michael','Curtiz','M');
INSERT INTO "employee" VALUES ('Vetrimaaran',NULL,'M');
INSERT INTO "employee" VALUES ('Lokesh','Kanagaraj','M');
INSERT INTO "employee" VALUES ('Thomas','Kail','M');
INSERT INTO "employee" VALUES ('Nadine','Labaki','F');
INSERT INTO "employee" VALUES ('Bob','Persichetti','M');
INSERT INTO "employee" VALUES ('Anthony','Russo','M');
INSERT INTO "employee" VALUES ('Joseph','Kosinski','M');
INSERT INTO "employee" VALUES ('Jeethu','Joseph','M');
INSERT INTO "employee" VALUES ('Rajkumar','Hirani','M');
INSERT INTO "employee" VALUES ('Prashanth','Neel','M');
INSERT INTO "employee" VALUES ('Vishnuvardhan',NULL,'M');
INSERT INTO "employee" VALUES ('Shoojit','Sircar','M');
INSERT INTO "employee" VALUES ('Aamir','Khan','M');
INSERT INTO "employee" VALUES ('Florian','Henckel von Donnersmarck','M');
INSERT INTO "employee" VALUES ('Park','Chan-wook','M');
INSERT INTO "employee" VALUES ('Sam','Mendes','M');
INSERT INTO "employee" VALUES ('Mel','Gibson','M');
INSERT INTO "employee" VALUES ('Elem','Klimov','M');
INSERT INTO "employee" VALUES ('Milos','Forman','M');
INSERT INTO "employee" VALUES ('Stephen','King','M');
INSERT INTO "employee" VALUES ('Mario','Puzo','M');
INSERT INTO "employee" VALUES ('Thomas','Keneally','M');
INSERT INTO "employee" VALUES ('Francis','Coppola','M');
INSERT INTO "employee" VALUES ('Reginald','Rose','M');
INSERT INTO "employee" VALUES ('Christopher','Nolan','M');
INSERT INTO "employee" VALUES ('Chuck','Palahniuk','M');
INSERT INTO "employee" VALUES ('J.R.R.','Tokien','M');
INSERT INTO "employee" VALUES ('Winston','Groom','M');
INSERT INTO "employee" VALUES ('Luciano','Vincenzoni','M');
INSERT INTO "employee" VALUES ('Lilly','Wachowski','F');
INSERT INTO "employee" VALUES ('Nicholas','Pileggi','M');
INSERT INTO "employee" VALUES ('Lawrence','Hauben','M');
INSERT INTO "employee" VALUES ('Paulo','Lins','M');
INSERT INTO "employee" VALUES ('Robert','Rodat','M');
INSERT INTO "employee" VALUES ('Vincenzo','Cerami','M');
INSERT INTO "employee" VALUES ('Andrew','Walker','M');
INSERT INTO "employee" VALUES ('Thomas','Harris','M');
INSERT INTO "employee" VALUES ('George','Lucas','M');
INSERT INTO "employee" VALUES ('Yasuhiko','Takiguchi','F');
INSERT INTO "employee" VALUES ('Akira','Kurosawa','F');
INSERT INTO "employee" VALUES ('Francis','Goodrich','M');
INSERT INTO "employee" VALUES ('Bong','Joon Ho','M');
INSERT INTO "employee" VALUES ('Damien','Chazelle','M');
INSERT INTO "employee" VALUES ('Olivier','Nakache','M');
INSERT INTO "employee" VALUES ('William','Monahan','M');
INSERT INTO "employee" VALUES ('Ronald','Harwood','M');
INSERT INTO "employee" VALUES ('David','Franzoni','M');
INSERT INTO "employee" VALUES ('David','McKenna','M');
INSERT INTO "employee" VALUES ('Christopher','McQuarrie','M');
INSERT INTO "employee" VALUES ('Luc','Besson','M');
INSERT INTO "employee" VALUES ('Irene','Mecchi','F');
INSERT INTO "employee" VALUES ('Giuseppe','Tornatore','M');
INSERT INTO "employee" VALUES ('Tsutomu','Tatsumi','M');
INSERT INTO "employee" VALUES ('Robert','Zemeckis','M');
INSERT INTO "employee" VALUES ('John','Milius','M');
INSERT INTO "employee" VALUES ('Dan','O''Bannon','M');
INSERT INTO "employee" VALUES ('Sergio','Donati','M');
INSERT INTO "employee" VALUES ('Joseph','Stefano','M');
INSERT INTO "employee" VALUES ('John','Hayes','M');
INSERT INTO "employee" VALUES ('Julius','Epstein','M');
INSERT INTO "employee" VALUES ('Todd','Phillips','M');
INSERT INTO "employee" VALUES ('Makoto','Shinkai','M');
INSERT INTO "employee" VALUES ('Phil','Lord','M');
INSERT INTO "employee" VALUES ('Chistopher','Markus','M');
INSERT INTO "employee" VALUES ('Lee','Unkrich','M');
INSERT INTO "employee" VALUES ('Peter','Craig','M');
INSERT INTO "employee" VALUES ('Jonathan','Nolan','M');
INSERT INTO "employee" VALUES ('Andrew','Stanton','M');
INSERT INTO "employee" VALUES ('Florian','Donnersmarck','M');
INSERT INTO "employee" VALUES ('Garon','Tsuchiya','M');
INSERT INTO "employee" VALUES ('Alan','Ball','M');
INSERT INTO "employee" VALUES ('Hayao','Miyazaki','M');
INSERT INTO "employee" VALUES ('Randall','Wallace','M');
INSERT INTO "employee" VALUES ('Ales','Adamovich','M');
INSERT INTO "employee" VALUES ('James','Cameron','M');
INSERT INTO "employee" VALUES ('Peter','Shaffer','M');
INSERT INTO "employee" VALUES ('Lawrence','Kasdan','M');
INSERT INTO "employee" VALUES ('Wolfgang','Petersen','M');
INSERT INTO "employee" VALUES ('Hideo','Oguni','M');
INSERT INTO "employee" VALUES ('Agatha','Christie','F');
INSERT INTO "employee" VALUES ('Stanley','Kubrick','M');
INSERT INTO "employee" VALUES ('Charles','Bracket','M');
INSERT INTO "employee" VALUES ('Charles','Chaplin','M');
INSERT INTO "employee" VALUES ('Thomas','Vinterberg','M');
INSERT INTO "employee" VALUES ('John','Lasseter','M');
INSERT INTO "employee" VALUES ('Quentin','Tarantino','M');
INSERT INTO "employee" VALUES ('Charlie','Kaufman','M');
INSERT INTO "employee" VALUES ('Hubert','Selby','M');
INSERT INTO "employee" VALUES ('Matt','Damon','M');
INSERT INTO "employee" VALUES (NULL,NULL,NULL);
INSERT INTO "reviews" VALUES ('Rotten Tomatoes','Kevin','Maher','tt0111161');
INSERT INTO "reviews" VALUES ('The Guardian','Peter','Bradshaw','tt0068646');
INSERT INTO "reviews" VALUES ('Reelviews','James','Berardinelli','tt0468569');
INSERT INTO "reviews" VALUES ('Empire','Andrew','Collins','tt0071562');
INSERT INTO "reviews" VALUES ('The Independent Critic','Richard','Propes','tt0050083');
INSERT INTO "writers" VALUES ('Stephen','King','The Shawshank Redemption','tt0111161');
INSERT INTO "writers" VALUES ('Mario','Puzo','The Godfather','tt0068646');
INSERT INTO "writers" VALUES ('Jonathan','Nolan','The Dark Knight','tt0468569');
INSERT INTO "writers" VALUES ('J.R.R.','Tolkien','The Lord of the Rings:The Return of the King','tt0167260');
INSERT INTO "writers" VALUES ('Thomas','Keneally','Schindler''s List','tt0108052');
INSERT INTO "writers" VALUES ('Francis','Coppola','The Godfather Part II
','tt0071562');
INSERT INTO "writers" VALUES ('Reginald','Rose','12 Angry Men','tt0050083');
INSERT INTO "writers" VALUES ('Quentin','Tarantino','Pulp Fiction','tt0110912');
INSERT INTO "writers" VALUES ('Christopher','Nolan','Inception','tt1375666');
INSERT INTO "writers" VALUES ('J.R.R.','Tolkien','The Lord of the Rings:The Two Towers','tt0167261');
INSERT INTO "writers" VALUES ('Chuck','Palahniuk','Fight Club','tt0137523');
INSERT INTO "writers" VALUES ('J.R.R.','Tokien','The Lord of the Rings:The Fellowship of the Ring','tt0120737');
INSERT INTO "writers" VALUES ('Winston','Groom','Forrest Gump','tt0109830');
INSERT INTO "writers" VALUES ('Luciano','Vincenzoni','The Good the Bad and the Ugly','tt0060196');
INSERT INTO "writers" VALUES ('Lilly','Wachowski','The Matrix','tt0133093');
INSERT INTO "writers" VALUES ('Nicholas','Pileggi','Goodfellas','tt0099685');
INSERT INTO "writers" VALUES ('George','Lucas','Star Wars: Episode V: The Empire Strikes Back','tt0080684');
INSERT INTO "writers" VALUES ('Lawrence','Hauben','One Flew Over the Cuckoo''s Nest','tt0073486');
INSERT INTO "writers" VALUES ('Jonathan','Nolan','Interstellar','tt0816692');
INSERT INTO "writers" VALUES ('Paulo','Lins','City of God','tt0317248');
INSERT INTO "writers" VALUES ('Hayao','Miyazake','Spirited Away','tt0245429');
INSERT INTO "writers" VALUES ('Robert','Rodat','Saving Private Ryan','tt0120815');
INSERT INTO "writers" VALUES ('Stephen','King','The Green Mile','tt0120689');
INSERT INTO "writers" VALUES ('Vincenzo','Cerami','Life is Beautiful','tt0118799');
INSERT INTO "writers" VALUES ('Andrew','Walker','Se7en','tt0114369');
INSERT INTO "writers" VALUES ('James','Cameron',' Terminator 2:Judgement Day','tt0103064');
INSERT INTO "writers" VALUES ('Thomas','Harris','The Silence of the Lambs','tt0102926');
INSERT INTO "writers" VALUES ('George','Lucas','Star Wars:Episode IV:A New Hope','tt0076759');
INSERT INTO "writers" VALUES ('Yasuhiko','Takiguchi','Harakiri','tt0056058');
INSERT INTO "writers" VALUES ('Akira','Kurosawa','Seven Samurai','tt0047478');
INSERT INTO "writers" VALUES ('Francis','Goodrich','It''s a Wonderful Life','tt0038650');
INSERT INTO "writers" VALUES ('Bong','Joon Ho','Parasite','tt6751668');
INSERT INTO "writers" VALUES ('Damien','Chazelle','Whiplash','tt2582802');
INSERT INTO "writers" VALUES ('Olivier','Nakache','The Intouchables','tt1675434');
INSERT INTO "writers" VALUES ('Jonathan','Nolan','The Prestige','tt0482571');
INSERT INTO "writers" VALUES ('William','Monahan','The Departed','tt0407887');
INSERT INTO "writers" VALUES ('Ronald','Harwood','The Pianist','tt0253474');
INSERT INTO "writers" VALUES ('David','Franzoni','Gladiator','tt0172495');
INSERT INTO "writers" VALUES ('David','McKenna','American History X','tt0120586');
INSERT INTO "writers" VALUES ('Christopher','McQuarrie','The Usual Suspects','tt0114814');
INSERT INTO "writers" VALUES ('Luc','Besson','Leon: The Professional','tt0110413');
INSERT INTO "writers" VALUES ('Irene','Mecchi','The Lion King','tt0110357');
INSERT INTO "writers" VALUES ('Giuseppe','Tornatore','Cinema Paradiso','tt0095765');
INSERT INTO "writers" VALUES ('Tsutomu','Tatsumi','Grave of the Fireflies','tt0095327');
INSERT INTO "writers" VALUES ('Robert','Zemeckis','Back to the Future','tt0088763');
INSERT INTO "writers" VALUES ('John','Milius','Apocalypse Now','tt0078788');
INSERT INTO "writers" VALUES ('Dan','O''Bannon','Alien','tt0078748');
INSERT INTO "writers" VALUES ('Sergio','Donati','Once Upon a Time in the West','tt0064116');
INSERT INTO "writers" VALUES ('Joseph','Stefano','Psycho','tt0054215');
INSERT INTO "writers" VALUES ('John','Hayes','Rear Window','tt0047396');
INSERT INTO "writers" VALUES ('Julius','Epstein','Casablanca','tt0034583');
INSERT INTO "writers" VALUES ('Charles','Chaplin','Modern Times','tt0027977');
INSERT INTO "writers" VALUES ('Charles','Chaplin','City Lights','tt0021749');
INSERT INTO "writers" VALUES ('Madeline','Labaki','Capernaum','tt8267604');
INSERT INTO "writers" VALUES ('Todd','Phillips','Joker','tt7286456');
INSERT INTO "writers" VALUES ('Makoto','Shinkai','Your Name','tt5311514');
INSERT INTO "writers" VALUES ('Phil','Lord','Spider-Man:Into the Spider-Verse','tt4633694');
INSERT INTO "writers" VALUES ('Christopher','Markus','Avengers:Endgame','tt4154796');
INSERT INTO "writers" VALUES ('Christopher','Markus','Avengers:Infinity War','tt4154756');
INSERT INTO "writers" VALUES ('Lee','Unkrich','Coco','tt2380307');
INSERT INTO "writers" VALUES ('Quentin','Tarantino','Django:Unchanined','tt1853728');
INSERT INTO "writers" VALUES ('Peter','Craig','Top Gun:Maverick','tt1745960');
INSERT INTO "writers" VALUES ('Jonathan','Nolan','The Dark Knight Rises','tt1345836');
INSERT INTO "writers" VALUES ('Rajkumar','Hirani','3 Idiots','tt1187043');
INSERT INTO "writers" VALUES ('Andrew','Stanton','WALL-E','tt0910970');
INSERT INTO "writers" VALUES ('Florian','Donnersmarck','The Lives of Others','tt0405094');
INSERT INTO "writers" VALUES ('Garon','Tsuchiya','Old Boy','tt0364569');
INSERT INTO "writers" VALUES ('Christopher','Nolan','Memento','tt0209144');
INSERT INTO "writers" VALUES ('Alan','Ball','American Beauty','tt0169547');
INSERT INTO "writers" VALUES ('Hayao','Miyazaki','Princess Mononoke','tt0119698');
INSERT INTO "writers" VALUES ('Randall','Wallace','Braveheart','tt0112573');
INSERT INTO "writers" VALUES ('Ales','Adamovich','Come and See','tt0091251');
INSERT INTO "writers" VALUES ('James','Cameron','Aliens','tt0090605');
INSERT INTO "writers" VALUES ('Peter','Shaffer','Amadeus','tt0086879');
INSERT INTO "writers" VALUES ('Madhavan','','Rocketry: The Nambi Effect','tt9263550');
INSERT INTO "writers" VALUES ('Rishab','Shetty','Kantara','tt15327088');
INSERT INTO "writers" VALUES ('Sudha','Kongara','Soorarai Pottru','tt10189514');
INSERT INTO "writers" VALUES ('Hanu','Raghavapudi','Sita Ramam','tt20850406');
INSERT INTO "writers" VALUES ('Lokesh','Kanagaraj','Kaithi','tt9900782');
INSERT INTO "writers" VALUES ('Charu','Gupta','96','tt7019842');
INSERT INTO "writers" VALUES ('M.S.','Manimaran','Asuran','tt9477520');
INSERT INTO "writers" VALUES ('Lokesh','Kanagaraj','Vikram','tt9179430');
INSERT INTO "writers" VALUES ('Lin-Manuel','Miranda','Hamilton','tt8503618');
INSERT INTO "writers" VALUES ('Jeethu','Joseph','Drishyam 2','tt12361178');
INSERT INTO "writers" VALUES ('Prashanth','Neel','K.G.F: Chapter 2','tt10698680');
INSERT INTO "writers" VALUES ('Sandeep','Shrivastava','Shershaah','tt10295212');
INSERT INTO "writers" VALUES ('Shubhendu','Bhattacharya','Sardar Udham','tt10280296');
INSERT INTO "writers" VALUES ('Amole','Gupte','Like Stars on Earth','tt0986264');
INSERT INTO "queryFour" VALUES ('Aamir','Khan','3 Idiots','tt1187043');
INSERT INTO "queryFour" VALUES ('Aamir','Khan','Like Stars on Earth','tt0986264');
INSERT INTO "queryFour" VALUES ('Adrien','Brody','The Pianist','tt0253474');
INSERT INTO "queryFour" VALUES ('Akira','Kurosawa','Seven Samurai','tt0047478');
INSERT INTO "queryFour" VALUES ('Al','Pacino','The Godfather Part II','tt0071562');
INSERT INTO "queryFour" VALUES ('Aleksey','Kravchenko','Come and See','tt0091251');
INSERT INTO "queryFour" VALUES ('Alexandre','Rodrigues','City of God','tt0317248');
INSERT INTO "queryFour" VALUES ('Alfred','Hitchcock','Psycho','tt0054215');
INSERT INTO "queryFour" VALUES ('Alfred','Hitchcock','Rear Window','tt0047396');
INSERT INTO "queryFour" VALUES ('Andrew','Stanton','WALL·E','tt0910970');
INSERT INTO "queryFour" VALUES ('Anthony','Gonzalez','Coco','tt2380307');
INSERT INTO "queryFour" VALUES ('Anthony','Perkins','Psycho','tt0054215');
INSERT INTO "queryFour" VALUES ('Anthony','Russo','Avengers: Endgame','tt4154796');
INSERT INTO "queryFour" VALUES ('Anthony','Russo','Avengers: Infinity War','tt4154756');
INSERT INTO "queryFour" VALUES ('Arnold','Schwarzenegger','Terminator 2: Judgment Day','tt0103064');
INSERT INTO "queryFour" VALUES ('Ben','Burtt','WALL·E','tt0910970');
INSERT INTO "queryFour" VALUES ('Bob','Persichetti','Spider-Man: Into the Spider-Verse','tt4633694');
INSERT INTO "queryFour" VALUES ('Bong','Joon Ho','Parasite','tt6751668');
INSERT INTO "queryFour" VALUES ('Brad','Pitt','Fight Club','tt0137523');
INSERT INTO "queryFour" VALUES ('Bryan','Singer','The Usual Suspects','tt0114814');
INSERT INTO "queryFour" VALUES ('C.','Prem Kumar','96','tt7019842');
INSERT INTO "queryFour" VALUES ('Charles','Chaplin','City Lights','tt0021749');
INSERT INTO "queryFour" VALUES ('Charles','Chaplin','Modern Times','tt0027977');
INSERT INTO "queryFour" VALUES ('Choi','Min-sik','Oldboy','tt0364569');
INSERT INTO "queryFour" VALUES ('Christian','Bale','The Dark Knight','tt0468569');
INSERT INTO "queryFour" VALUES ('Christian','Bale','The Dark Knight Rises','tt1345836');
INSERT INTO "queryFour" VALUES ('Christian','Bale','The Prestige','tt0482571');
INSERT INTO "queryFour" VALUES ('Christopher','Nolan','Inception','tt1375666');
INSERT INTO "queryFour" VALUES ('Christopher','Nolan','Interstellar','tt0816692');
INSERT INTO "queryFour" VALUES ('Christopher','Nolan','Memento','tt0209144');
INSERT INTO "queryFour" VALUES ('Christopher','Nolan','The Dark Knight','tt0468569');
INSERT INTO "queryFour" VALUES ('Christopher','Nolan','The Dark Knight Rises','tt1345836');
INSERT INTO "queryFour" VALUES ('Christopher','Nolan','The Prestige','tt0482571');
INSERT INTO "queryFour" VALUES ('Clint','Eastwood','The Good, the Bad and the Ugly','tt0060196');
INSERT INTO "queryFour" VALUES ('Damien','Chazelle','Whiplash','tt2582802');
INSERT INTO "queryFour" VALUES ('Darsheel','Safary','Like Stars on Earth','tt0986264');
INSERT INTO "queryFour" VALUES ('Daveigh','Chase','Spirited Away','tt0245429');
INSERT INTO "queryFour" VALUES ('David','Fincher','Fight Club','tt0137523');
INSERT INTO "queryFour" VALUES ('David','Fincher','Se7en','tt0114369');
INSERT INTO "queryFour" VALUES ('Dhanush',NULL,'Asuran','tt9477520');
INSERT INTO "queryFour" VALUES ('Dulquer','Salmaan','Sita Ramam','tt20850406');
INSERT INTO "queryFour" VALUES ('Edward','Norton','American History X','tt0120586');
INSERT INTO "queryFour" VALUES ('Elem','Klimov','Come and See','tt0091251');
INSERT INTO "queryFour" VALUES ('Elijah','Wood','The Lord of the Rings: The Fellowship of the Ring','tt0120737');
INSERT INTO "queryFour" VALUES ('Elijah','Wood','The Lord of the Rings: The Return of the King','tt0167260');
INSERT INTO "queryFour" VALUES ('Elijah','Wood','The Lord of the Rings: The Two Towers','tt0167261');
INSERT INTO "queryFour" VALUES ('F.','Murray Abraham','Amadeus','tt0086879');
INSERT INTO "queryFour" VALUES ('Fernando','Meirelles','City of God','tt0317248');
INSERT INTO "queryFour" VALUES ('Florian','Henckel von Donnersmarck','The Lives of Others','tt0405094');
INSERT INTO "queryFour" VALUES ('Francis','Ford Coppola','Apocalypse Now','tt0078788');
INSERT INTO "queryFour" VALUES ('Francis','Ford Coppola','The Godfather','tt0068646');
INSERT INTO "queryFour" VALUES ('Francis','Ford Coppola','The Godfather Part II','tt0071562');
INSERT INTO "queryFour" VALUES ('Frank','Capra','It''s a Wonderful Life','tt0038650');
INSERT INTO "queryFour" VALUES ('Frank','Darabont','The Green Mile','tt0120689');
INSERT INTO "queryFour" VALUES ('Frank','Darabont','The Shawshank Redemption','tt0111161');
INSERT INTO "queryFour" VALUES ('François','Cluzet','The Intouchables','tt1675434');
INSERT INTO "queryFour" VALUES ('George','Lucas','Star Wars','tt0076759');
INSERT INTO "queryFour" VALUES ('Giuseppe','Tornatore','Cinema Paradiso','tt0095765');
INSERT INTO "queryFour" VALUES ('Guy','Pearce','Memento','tt0209144');
INSERT INTO "queryFour" VALUES ('Hanu','Raghavapudi','Sita Ramam','tt20850406');
INSERT INTO "queryFour" VALUES ('Hayao','Miyazaki','Princess Mononoke','tt0119698');
INSERT INTO "queryFour" VALUES ('Hayao','Miyazaki','Spirited Away','tt0245429');
INSERT INTO "queryFour" VALUES ('Henry','Fonda','12 Angry Men','tt0050083');
INSERT INTO "queryFour" VALUES ('Henry','Fonda','Once Upon a Time in the West','tt0064116');
INSERT INTO "queryFour" VALUES ('Humphrey','Bogart','Casablanca','tt0034583');
INSERT INTO "queryFour" VALUES ('Irvin','Kershner','Star Wars: Episode V - The Empire Strikes Back','tt0080684');
INSERT INTO "queryFour" VALUES ('Isao','Takahata','Grave of the Fireflies','tt0095327');
INSERT INTO "queryFour" VALUES ('Jack','Nicholson','One Flew Over the Cuckoo''s Nest','tt0073486');
INSERT INTO "queryFour" VALUES ('James','Cameron','Aliens','tt0090605');
INSERT INTO "queryFour" VALUES ('James','Cameron','Terminator 2: Judgment Day','tt0103064');
INSERT INTO "queryFour" VALUES ('James','Stewart','It''s a Wonderful Life','tt0038650');
INSERT INTO "queryFour" VALUES ('James','Stewart','Rear Window','tt0047396');
INSERT INTO "queryFour" VALUES ('Jamie','Foxx','Django Unchained','tt1853728');
INSERT INTO "queryFour" VALUES ('Jean','Reno','Léon: The Professional','tt0110413');
INSERT INTO "queryFour" VALUES ('Jeethu','Joseph','Drishyam 2','tt12361178');
INSERT INTO "queryFour" VALUES ('Joaquin','Phoenix','Joker','tt7286456');
INSERT INTO "queryFour" VALUES ('Jodie','Foster','The Silence of the Lambs','tt0102926');
INSERT INTO "queryFour" VALUES ('John','Travolta','Pulp Fiction','tt0110912');
INSERT INTO "queryFour" VALUES ('Jonathan','Demme','The Silence of the Lambs','tt0102926');
INSERT INTO "queryFour" VALUES ('Joseph','Kosinski','Top Gun: Maverick','tt1745960');
INSERT INTO "queryFour" VALUES ('Kamal','Haasan','Vikram','tt9179430');
INSERT INTO "queryFour" VALUES ('Karthi',NULL,'Kaithi','tt9900782');
INSERT INTO "queryFour" VALUES ('Keanu','Reeves','The Matrix','tt0133093');
INSERT INTO "queryFour" VALUES ('Kevin','Spacey','American Beauty','tt0169547');
INSERT INTO "queryFour" VALUES ('Kevin','Spacey','The Usual Suspects','tt0114814');
INSERT INTO "queryFour" VALUES ('Kiranraj','K','777 Charlie','tt7466810');
INSERT INTO "queryFour" VALUES ('Lana','Wachowski','The Matrix','tt0133093');
INSERT INTO "queryFour" VALUES ('Lee','Unkrich','Coco','tt2380307');
INSERT INTO "queryFour" VALUES ('Leonardo','DiCaprio','Inception','tt1375666');
INSERT INTO "queryFour" VALUES ('Leonardo','DiCaprio','The Departed','tt0407887');
INSERT INTO "queryFour" VALUES ('Liam','Neeson','Schindler''s List','tt0108052');
INSERT INTO "queryFour" VALUES ('Lin-Manuel','Miranda','Hamilton','tt8503618');
INSERT INTO "queryFour" VALUES ('Lokesh','Kanagaraj','Kaithi','tt9900782');
INSERT INTO "queryFour" VALUES ('Lokesh','Kanagaraj','Vikram','tt9179430');
INSERT INTO "queryFour" VALUES ('Luc','Besson','Léon: The Professional','tt0110413');
INSERT INTO "queryFour" VALUES ('Madhavan',NULL,'Rocketry: The Nambi Effect','tt9263550');
INSERT INTO "queryFour" VALUES ('Makoto','Shinkai','Your Name.','tt5311514');
INSERT INTO "queryFour" VALUES ('Mark','Hamill','Star Wars','tt0076759');
INSERT INTO "queryFour" VALUES ('Mark','Hamill','Star Wars: Episode V - The Empire Strikes Back','tt0080684');
INSERT INTO "queryFour" VALUES ('Marlon','Brando','The Godfather','tt0068646');
INSERT INTO "queryFour" VALUES ('Martin','Scorsese','Goodfellas','tt0099685');
INSERT INTO "queryFour" VALUES ('Martin','Scorsese','The Departed','tt0407887');
INSERT INTO "queryFour" VALUES ('Martin','Sheen','Apocalypse Now','tt0078788');
INSERT INTO "queryFour" VALUES ('Masaki','Kobayashi','Harakiri','tt0056058');
INSERT INTO "queryFour" VALUES ('Matthew','Broderick','The Lion King','tt0110357');
INSERT INTO "queryFour" VALUES ('Matthew','McConaughey','Interstellar','tt0816692');
INSERT INTO "queryFour" VALUES ('Mel','Gibson','Braveheart','tt0112573');
INSERT INTO "queryFour" VALUES ('Michael','Curtiz','Casablanca','tt0034583');
INSERT INTO "queryFour" VALUES ('Michael','J. Fox','Back to the Future','tt0088763');
INSERT INTO "queryFour" VALUES ('Miles','Teller','Whiplash','tt2582802');
INSERT INTO "queryFour" VALUES ('Milos','Forman','Amadeus','tt0086879');
INSERT INTO "queryFour" VALUES ('Milos','Forman','One Flew Over the Cuckoo''s Nest','tt0073486');
INSERT INTO "queryFour" VALUES ('Mohanlal',NULL,'Drishyam 2','tt12361178');
INSERT INTO "queryFour" VALUES ('Morgan','Freeman','Se7en','tt0114369');
INSERT INTO "queryFour" VALUES ('Nadine','Labaki','Capernaum','tt8267604');
INSERT INTO "queryFour" VALUES ('Olivier','Nakache','The Intouchables','tt1675434');
INSERT INTO "queryFour" VALUES ('Park','Chan-wook','Oldboy','tt0364569');
INSERT INTO "queryFour" VALUES ('Peter','Jackson','The Lord of the Rings: The Fellowship of the Ring','tt0120737');
INSERT INTO "queryFour" VALUES ('Peter','Jackson','The Lord of the Rings: The Return of the King','tt0167260');
INSERT INTO "queryFour" VALUES ('Peter','Jackson','The Lord of the Rings: The Two Towers','tt0167261');
INSERT INTO "queryFour" VALUES ('Philippe','Noiret','Cinema Paradiso','tt0095765');
INSERT INTO "queryFour" VALUES ('Prashanth','Neel','K.G.F: Chapter 2','tt10698680');
INSERT INTO "queryFour" VALUES ('Quentin','Tarantino','Django Unchained','tt1853728');
INSERT INTO "queryFour" VALUES ('Quentin','Tarantino','Pulp Fiction','tt0110912');
INSERT INTO "queryFour" VALUES ('Rajkumar','Hirani','3 Idiots','tt1187043');
INSERT INTO "queryFour" VALUES ('Rakshit','Shetty','777 Charlie','tt7466810');
INSERT INTO "queryFour" VALUES ('Ridley','Scott','Alien','tt0078748');
INSERT INTO "queryFour" VALUES ('Ridley','Scott','Gladiator','tt0172495');
INSERT INTO "queryFour" VALUES ('Rishab','Shetty','Kantara','tt15327088');
INSERT INTO "queryFour" VALUES ('Robert','De Niro','Goodfellas','tt0099685');
INSERT INTO "queryFour" VALUES ('Robert','Downey Jr.','Avengers: Endgame','tt4154796');
INSERT INTO "queryFour" VALUES ('Robert','Downey Jr.','Avengers: Infinity War','tt4154756');
INSERT INTO "queryFour" VALUES ('Robert','Zemeckis','Back to the Future','tt0088763');
INSERT INTO "queryFour" VALUES ('Robert','Zemeckis','Forrest Gump','tt0109830');
INSERT INTO "queryFour" VALUES ('Roberto','Benigni','Life Is Beautiful','tt0118799');
INSERT INTO "queryFour" VALUES ('Rodney','Rothman','Spider-Man: Into the Spider-Verse','tt4633694');
INSERT INTO "queryFour" VALUES ('Roger','Allers','The Lion King','tt0110357');
INSERT INTO "queryFour" VALUES ('Roman','Polanski','The Pianist','tt0253474');
INSERT INTO "queryFour" VALUES ('Russell','Crowe','Gladiator','tt0172495');
INSERT INTO "queryFour" VALUES ('Ryûnosuke','Kamiki','Your Name.','tt5311514');
INSERT INTO "queryFour" VALUES ('Sam','Mendes','American Beauty','tt0169547');
INSERT INTO "queryFour" VALUES ('Sergio','Leone','Once Upon a Time in the West','tt0064116');
INSERT INTO "queryFour" VALUES ('Sergio','Leone','The Good, the Bad and the Ugly','tt0060196');
INSERT INTO "queryFour" VALUES ('Shoojit','Sircar','Sardar Udham','tt10280296');
INSERT INTO "queryFour" VALUES ('Sidharth','Malhotra','Shershaah','tt10295212');
INSERT INTO "queryFour" VALUES ('Sidney','Lumet','12 Angry Men','tt0050083');
INSERT INTO "queryFour" VALUES ('Sigourney','Weaver','Alien','tt0078748');
INSERT INTO "queryFour" VALUES ('Sigourney','Weaver','Aliens','tt0090605');
INSERT INTO "queryFour" VALUES ('Song','Kang-ho','Parasite','tt6751668');
INSERT INTO "queryFour" VALUES ('Steven','Spielberg','Saving Private Ryan','tt0120815');
INSERT INTO "queryFour" VALUES ('Steven','Spielberg','Schindler''s List','tt0108052');
INSERT INTO "queryFour" VALUES ('Sudha','Kongara','Soorarai Pottru','tt10189514');
INSERT INTO "queryFour" VALUES ('Suriya',NULL,'Soorarai Pottru','tt10189514');
INSERT INTO "queryFour" VALUES ('Suriya','','Jai Bhim','tt15097216');
INSERT INTO "queryFour" VALUES ('T.J.','Gnanavel','Jai Bhim','tt15097216');
INSERT INTO "queryFour" VALUES ('Tatsuya','Nakadai','Harakiri','tt0056058');
INSERT INTO "queryFour" VALUES ('Thomas','Kail','Hamilton','tt8503618');
INSERT INTO "queryFour" VALUES ('Tim','Robbins','The Shawshank Redemption','tt0111161');
INSERT INTO "queryFour" VALUES ('Todd','Phillips','Joker','tt7286456');
INSERT INTO "queryFour" VALUES ('Tom','Cruise','Top Gun: Maverick','tt1745960');
INSERT INTO "queryFour" VALUES ('Tom','Hanks','Forrest Gump','tt0109830');
INSERT INTO "queryFour" VALUES ('Tom','Hanks','Saving Private Ryan','tt0120815');
INSERT INTO "queryFour" VALUES ('Tom','Hanks','The Green Mile','tt0120689');
INSERT INTO "queryFour" VALUES ('Tony','Kaye','American History X','tt0120586');
INSERT INTO "queryFour" VALUES ('Toshirô','Mifune','Seven Samurai','tt0047478');
INSERT INTO "queryFour" VALUES ('Tsutomu','Tatsumi','Grave of the Fireflies','tt0095327');
INSERT INTO "queryFour" VALUES ('Ulrich','Mühe','The Lives of Others','tt0405094');
INSERT INTO "queryFour" VALUES ('Vetrimaaran',NULL,'Asuran','tt9477520');
INSERT INTO "queryFour" VALUES ('Vicky','Kaushal','Sardar Udham','tt10280296');
INSERT INTO "queryFour" VALUES ('Vijay','Sethupathi','96','tt7019842');
INSERT INTO "queryFour" VALUES ('Vishnuvardhan',NULL,'Shershaah','tt10295212');
INSERT INTO "queryFour" VALUES ('Yash',NULL,'K.G.F: Chapter 2','tt10698680');
INSERT INTO "queryFour" VALUES ('Yôji','Matsuda','Princess Mononoke','tt0119698');
INSERT INTO "queryFour" VALUES ('Zain','Al Rafeea','Capernaum','tt8267604');
COMMIT;
